Timestamp,Temperature,Altitude,Speed,Vertical Speed,Engine RPMs,Throttle,Oil Pressure,Oil Temperature,Fuel Capacity,Fuel Flow,Pitch,Pitch Rate,Roll,Roll Rate,Yaw,Yaw Rate,Alerts
2025-08-27T17:39:11Z,18.93,2336.16,46.71,-124.65,2302.45,31.98,18.55,150.26,14.73,16.83,-27.71,-4.11,-3.63,-8.11,-170.20,-22.77,STALL SPEED,LOW OIL PRESSURE,YAW RATE
2025-08-27T17:39:11Z,24.03,3129.30,124.18,1016.26,1218.35,43.56,128.28,34.07,6.79,22.00,-28.05,-2.90,-31.59,-9.94,53.62,-28.14,HIGH OIL PRESSURE,HIGH FUEL FLOW,YAW RATE
2025-08-27T17:39:12Z,45.44,3314.34,42.26,1026.85,1828.19,77.98,70.34,114.78,16.41,18.07,-3.43,-9.11,46.19,-18.09,104.58,13.13,STALL SPEED,ROLL
2025-08-27T17:39:12Z,-5.53,4091.80,124.55,-852.38,2049.24,5.47,69.19,193.91,20.43,7.15,-19.76,8.42,36.32,-9.27,-133.28,20.68
2025-08-27T17:39:13Z,-5.22,5039.28,52.97,1322.25,1261.12,35.38,115.64,88.85,41.86,11.58,-4.67,-15.19,-9.31,-18.10,-138.48,-1.11,HIGH OIL PRESSURE
2025-08-27T17:39:13Z,28.46,12176.64,84.27,1365.03,849.80,57.36,87.47,31.47,39.41,10.30,-41.09,9.01,8.29,14.99,134.35,-14.87,PITCH
2025-08-27T17:39:14Z,14.19,6929.04,93.69,1402.54,2277.55,32.97,117.50,263.36,7.02,18.69,34.03,2.68,34.87,-22.94,-1.08,-6.47,HIGH OIL TEMP,HIGH OIL PRESSURE,PITCH
2025-08-27T17:39:14Z,38.18,10163.13,54.83,-683.65,1834.56,48.60,70.40,160.06,13.27,24.83,42.94,8.08,-50.34,-17.72,-103.24,4.70,HIGH FUEL FLOW,PITCH,ROLL
2025-08-27T17:39:15Z,-16.91,5737.89,167.97,1107.73,693.68,70.07,120.90,1.72,5.01,12.52,-32.41,-15.36,-52.43,-2.74,-162.89,10.88,OVER MAXSPEED,HIGH OIL PRESSURE,LOW FUEL,PITCH,ROLL
2025-08-27T17:39:15Z,20.72,6735.21,176.55,934.57,2559.31,85.26,71.87,110.20,42.72,13.68,-15.88,-24.56,51.31,12.22,-150.38,-4.13,OVER MAXSPEED,PITCH RATE,ROLL
2025-08-27T17:39:16Z,-7.71,10387.84,124.72,847.52,941.42,43.45,15.93,206.64,24.03,4.39,-22.48,-4.18,51.80,14.31,-148.70,15.93,LOW OIL PRESSURE,LOW FUEL FLOW,ROLL
